"","Dog_5_preict_001.V10"
"1",57
"2",51
"3",-58
"4",-21
"5",7
"6",-45
"7",26
"8",44
"9",-44
"10",68
"11",17
"12",-15
"13",21
"14",22
"15",21
"16",-141
"17",3
"18",-27
"19",133
"20",-73
"21",-93
"22",-18
"23",-40
"24",11
"25",-76
"26",2
"27",96
"28",-156
"29",21
"30",79
"31",-28
"32",-56
"33",-5
"34",143
"35",-71
"36",-50
"37",26
"38",91
"39",-26
"40",-9
"41",30
"42",2
"43",-63
"44",44
"45",74
"46",3
"47",14
"48",38
"49",-51
"50",63
"51",10
"52",21
"53",-104
"54",53
"55",80
"56",-90
"57",24
"58",9
"59",61
"60",-87
"61",79
"62",19
"63",-8
"64",-16
"65",-12
"66",-42
"67",65
"68",-6
"69",-65
"70",-14
"71",-65
"72",-36
"73",-29
"74",6
"75",31
"76",-39
"77",44
"78",-54
"79",21
"80",57
"81",-18
"82",74
"83",-32
"84",11
"85",-3
"86",-14
"87",28
"88",-50
"89",90
"90",-81
"91",107
"92",-70
"93",12
"94",-38
"95",128
"96",-67
"97",35
"98",-24
"99",55
"100",-65
"101",-70
"102",12
"103",-62
"104",2
"105",33
"106",37
"107",62
"108",-48
"109",-24
"110",99
"111",6
"112",6
"113",12
"114",55
"115",-75
"116",3
"117",17
"118",-22
"119",43
"120",-92
"121",-6
"122",58
"123",-16
"124",-39
"125",30
"126",122
"127",-8
"128",69
"129",-41
"130",23
"131",-22
"132",-14
"133",20
"134",54
"135",-48
"136",-73
"137",56
"138",42
"139",14
"140",211
"141",-165
"142",139
"143",-3
"144",-70
"145",21
"146",-30
"147",-34
"148",-9
"149",34
"150",-30
"151",-85
"152",-56
"153",9
"154",-33
"155",35
"156",34
"157",38
"158",-6
"159",9
"160",-14
"161",58
"162",15
"163",57
"164",25
"165",-79
"166",-9
"167",12
"168",-12
"169",39
"170",-13
"171",-5
"172",24
"173",3
"174",48
"175",14
"176",18
"177",29
"178",24
"179",-23
"180",-17
"181",14
"182",18
"183",10
"184",53
"185",29
"186",20
"187",158
"188",-127
"189",-131
"190",10
"191",133
"192",-63
"193",61
"194",-58
"195",34
"196",50
"197",-44
"198",14
"199",-49
"200",185
"201",-65
"202",-61
"203",-10
"204",89
"205",-147
"206",1
"207",21
"208",-39
"209",15
"210",3
"211",-20
"212",36
"213",45
"214",10
"215",-7
"216",110
"217",-168
"218",-41
"219",86
"220",-19
"221",31
"222",8
"223",-44
"224",-60
"225",75
"226",2
"227",-16
"228",34
"229",-38
"230",-36
"231",37
"232",54
"233",-110
"234",-106
"235",46
"236",40
"237",87
"238",-76
"239",-22
"240",22
"241",-81
"242",-24
"243",115
"244",-107
"245",48
"246",68
"247",14
"248",54
"249",-75
"250",40
"251",-39
"252",23
"253",-11
"254",-10
"255",-33
"256",1
"257",3
"258",-12
"259",-24
"260",10
"261",26
"262",9
"263",-3
"264",-11
"265",-1
"266",17
"267",47
"268",2
"269",11
"270",-15
"271",45
"272",3
"273",-43
"274",19
"275",-11
"276",8
"277",0
"278",-30
"279",12
"280",-20
"281",49
"282",49
"283",-9
"284",-12
"285",-8
"286",54
"287",55
"288",30
"289",111
"290",-93
"291",70
"292",-16
"293",12
"294",-7
"295",92
"296",-31
"297",-3
"298",-30
"299",-42
"300",3
"301",-10
"302",-24
"303",-5
"304",-34
"305",44
"306",14
"307",23
"308",-40
"309",-40
"310",62
"311",-52
"312",6
"313",-33
"314",-51
"315",-44
"316",4
"317",1
"318",-33
"319",-38
"320",-13
"321",17
"322",9
"323",7
"324",-50
"325",-100
"326",-54
"327",208
"328",-123
"329",8
"330",92
"331",-14
"332",21
"333",30
"334",51
"335",45
"336",70
"337",22
"338",-13
"339",3
"340",28
"341",41
"342",46
"343",59
"344",9
"345",-28
"346",-9
"347",21
"348",62
"349",35
"350",18
"351",19
"352",63
"353",63
"354",38
"355",29
"356",-34
"357",11
"358",30
"359",30
"360",22
"361",32
"362",72
"363",16
"364",63
"365",7
"366",-66
"367",11
"368",19
"369",67
"370",-16
"371",-29
"372",65
"373",-37
"374",20
"375",41
"376",-52
"377",-42
"378",-9
"379",16
"380",-11
"381",-40
"382",78
"383",-79
"384",-24
"385",-8
"386",9
"387",-39
"388",-13
"389",-31
"390",17
"391",70
"392",-19
"393",-19
"394",-25
"395",-27
"396",3
"397",-38
"398",-37
"399",21
"400",-48
"401",-30
"402",-33
"403",-51
"404",-71
"405",-17
"406",-4
"407",-38
"408",9
"409",-14
"410",-13
"411",21
"412",20
"413",-13
"414",2
"415",-49
"416",3
"417",54
"418",3
"419",38
"420",8
"421",22
"422",3
"423",-9
"424",94
"425",60
"426",-1
"427",7
"428",32
"429",-2
"430",-43
"431",-7
"432",-9
"433",-13
"434",47
"435",-1
"436",-34
"437",-12
"438",6
"439",-24
"440",34
"441",12
"442",35
"443",-23
"444",4
"445",8
"446",54
"447",19
"448",18
"449",9
"450",-1
"451",3
"452",-13
"453",39
"454",37
"455",47
"456",26
"457",19
"458",-22
"459",8
"460",8
"461",-13
"462",-2
"463",-2
"464",7
"465",-1
"466",10
"467",36
"468",6
"469",31
"470",-59
"471",-10
"472",-23
"473",13
"474",-28
"475",-20
"476",-26
"477",-17
"478",-22
"479",10
"480",9
"481",-42
"482",28
"483",5
"484",-32
"485",-8
"486",-3
"487",-2
"488",-42
"489",9
"490",3
"491",-22
"492",-80
"493",-32
"494",-39
"495",-44
"496",13
"497",-62
"498",-44
"499",13
"500",-38
"501",-38
"502",-35
"503",-28
"504",-49
"505",-22
"506",-36
"507",-16
"508",-33
"509",-50
"510",-7
"511",-55
"512",-44
"513",10
"514",91
"515",12
"516",-14
"517",-38
"518",41
"519",-106
"520",14
"521",-27
"522",38
"523",24
"524",52
"525",-20
"526",-22
"527",19
"528",9
"529",-15
"530",-41
"531",-14
"532",-25
"533",-30
"534",7
"535",6
"536",21
"537",-7
"538",-22
"539",63
"540",-49
"541",-7
"542",-37
"543",8
"544",12
"545",-19
"546",-36
"547",-38
"548",24
"549",7
"550",28
"551",8
"552",54
"553",32
"554",-5
"555",-12
"556",-11
"557",41
"558",30
"559",57
"560",12
"561",-20
"562",-8
"563",-12
"564",-21
"565",61
"566",21
"567",-6
"568",-13
"569",33
"570",63
"571",26
"572",-24
"573",-3
"574",23
"575",12
"576",-3
"577",50
"578",48
"579",41
"580",25
"581",7
"582",62
"583",3
"584",72
"585",-23
"586",32
"587",-1
"588",-37
"589",-31
"590",39
"591",-36
"592",-16
"593",49
"594",-31
"595",-27
"596",-2
"597",-9
"598",-8
"599",2
"600",-30
"601",-8
"602",-27
"603",29
"604",10
"605",-50
"606",21
"607",31
"608",4
"609",2
"610",-10
"611",-39
"612",-26
"613",12
"614",-35
"615",-69
"616",0
"617",-25
"618",6
"619",-16
"620",15
"621",16
"622",24
"623",-27
"624",15
"625",-34
"626",-4
"627",36
"628",36
"629",-14
"630",20
"631",-36
"632",31
"633",41
"634",15
"635",11
"636",0
"637",-17
"638",-37
"639",4
"640",-14
"641",-33
"642",-1
"643",15
"644",-1
"645",-49
"646",6
"647",-10
"648",22
"649",-26
"650",-27
"651",-43
"652",37
"653",34
"654",9
"655",-5
"656",41
"657",-40
"658",-18
"659",24
"660",-11
"661",-2
"662",46
"663",11
"664",31
"665",-14
"666",4
"667",-9
"668",14
"669",-21
"670",-37
"671",-16
"672",22
"673",49
"674",7
"675",-14
"676",-18
"677",46
"678",34
"679",-4
"680",29
"681",-9
"682",6
"683",24
"684",5
"685",-49
"686",-8
"687",-22
"688",-16
"689",-12
"690",-1
"691",-17
"692",7
"693",-21
"694",-23
"695",-15
"696",-26
"697",-17
"698",-47
"699",10
"700",-54
"701",18
"702",-7
"703",-42
"704",-54
"705",-29
"706",-13
"707",-13
"708",-5
"709",8
"710",-73
"711",-26
"712",-12
"713",4
"714",46
"715",-23
"716",-31
"717",42
"718",7
"719",42
"720",-15
"721",-12
"722",17
"723",-18
"724",-26
"725",18
"726",9
"727",14
"728",-29
"729",48
"730",4
"731",-85
"732",16
"733",-33
"734",-11
"735",40
"736",-18
"737",-13
"738",46
"739",-56
"740",10
"741",10
"742",25
"743",34
"744",43
"745",-1
"746",54
"747",55
"748",36
"749",20
"750",-6
"751",2
"752",-16
"753",38
"754",8
"755",8
"756",-38
"757",-18
"758",-10
"759",-46
"760",-58
"761",-72
"762",34
"763",-5
"764",-2
"765",14
"766",-18
"767",-8
"768",-37
"769",-52
"770",-3
"771",-37
"772",8
"773",8
"774",23
"775",-23
"776",55
"777",18
"778",-4
"779",73
"780",19
"781",5
"782",55
"783",23
"784",17
"785",22
"786",14
"787",62
"788",-23
"789",15
"790",33
"791",-55
"792",10
"793",-38
"794",-13
"795",-34
"796",-40
"797",-13
"798",-33
"799",-18
"800",-20
"801",25
"802",30
"803",-12
"804",27
"805",1
"806",25
"807",-16
"808",19
"809",-44
"810",5
"811",9
"812",1
"813",42
"814",-12
"815",-27
"816",-40
"817",-24
"818",-7
"819",1
"820",21
"821",-3
"822",23
"823",-17
"824",-81
"825",57
"826",-42
"827",-8
"828",-68
"829",12
"830",12
"831",14
"832",22
"833",21
"834",3
"835",2
"836",-42
"837",27
"838",45
"839",22
"840",-27
"841",5
"842",-35
"843",17
"844",49
"845",15
"846",-8
"847",-16
"848",46
"849",25
"850",18
"851",-1
"852",-28
"853",-9
"854",46
"855",11
"856",3
"857",11
"858",57
"859",12
"860",13
"861",6
"862",-63
"863",-22
"864",1
"865",-21
"866",-22
"867",-46
"868",18
"869",-29
"870",-38
"871",3
"872",4
"873",-25
"874",39
"875",-18
"876",12
"877",-23
"878",-15
"879",-8
"880",18
"881",14
"882",-16
"883",-6
"884",-61
"885",-35
"886",21
"887",0
"888",-4
"889",5
"890",-8
"891",-24
"892",-41
"893",21
"894",16
"895",-10
"896",-9
"897",30
"898",-37
"899",-16
"900",-34
"901",18
"902",-8
"903",11
"904",5
"905",12
"906",20
"907",-1
"908",-12
"909",42
"910",12
"911",-19
"912",5
"913",14
"914",8
"915",24
"916",3
"917",4
"918",-48
"919",-12
"920",22
"921",-12
"922",67
"923",-40
"924",-54
"925",-19
"926",15
"927",55
"928",15
"929",-4
"930",18
"931",-18
"932",7
"933",34
"934",9
"935",13
"936",67
"937",1
"938",9
"939",0
"940",33
"941",5
"942",-10
"943",-10
"944",-1
"945",-2
"946",-24
"947",-35
"948",-62
"949",27
"950",20
"951",-11
"952",7
"953",-7
"954",-18
"955",-6
"956",17
"957",-8
"958",23
"959",-37
"960",-1
"961",2
"962",-17
"963",-13
"964",26
"965",-22
"966",19
"967",-19
"968",53
"969",6
"970",14
"971",16
"972",-1
"973",-12
"974",-19
"975",13
"976",36
"977",11
"978",25
"979",15
"980",-47
"981",-27
"982",-35
"983",-36
"984",21
"985",-6
"986",-30
"987",31
"988",40
"989",-17
"990",5
"991",-29
"992",-5
"993",5
"994",8
"995",13
"996",-46
"997",3
"998",20
"999",46
"1000",-14
"1001",7
"1002",9
"1003",-24
"1004",-13
"1005",-50
"1006",2
"1007",18
"1008",5
"1009",17
"1010",28
"1011",-5
"1012",20
"1013",-51
"1014",28
"1015",25
"1016",41
"1017",-25
"1018",13
"1019",7
"1020",28
"1021",11
"1022",18
"1023",22
"1024",-13
"1025",4
"1026",9
"1027",7
"1028",-42
"1029",6
"1030",29
"1031",-23
"1032",-20
"1033",-12
"1034",-15
"1035",40
"1036",-17
"1037",-58
"1038",-7
"1039",37
"1040",6
"1041",-27
"1042",21
"1043",7
"1044",14
"1045",-5
"1046",-5
"1047",-1
"1048",9
"1049",-34
"1050",12
"1051",28
"1052",15
"1053",11
"1054",-23
"1055",-16
"1056",9
"1057",-35
"1058",-8
"1059",-44
"1060",42
"1061",-50
"1062",-30
"1063",-15
"1064",25
"1065",25
"1066",35
"1067",26
"1068",-5
"1069",8
"1070",15
"1071",56
"1072",-14
"1073",7
"1074",12
"1075",19
"1076",-5
"1077",-5
"1078",5
"1079",4
"1080",-25
"1081",24
"1082",-14
"1083",-33
"1084",-5
"1085",-13
"1086",9
"1087",6
"1088",-22
"1089",-33
"1090",17
"1091",-23
"1092",5
"1093",-37
"1094",-26
"1095",-36
"1096",-14
"1097",-22
"1098",-14
"1099",-10
"1100",20
"1101",-38
"1102",-10
"1103",13
"1104",-2
"1105",5
"1106",-1
"1107",-14
"1108",-4
"1109",34
"1110",7
"1111",-25
"1112",7
"1113",-27
"1114",21
"1115",4
"1116",14
"1117",6
"1118",12
"1119",28
"1120",-21
"1121",6
"1122",-43
"1123",-1
"1124",-21
"1125",-45
"1126",-29
"1127",-35
"1128",-72
"1129",4
"1130",-60
"1131",-67
"1132",16
"1133",-1
"1134",28
"1135",-35
"1136",4
"1137",-1
"1138",-6
"1139",16
"1140",-7
"1141",5
"1142",-16
"1143",19
"1144",27
"1145",12
"1146",-11
"1147",7
"1148",21
"1149",-5
"1150",3
"1151",37
"1152",-20
"1153",13
"1154",8
"1155",-18
"1156",1
"1157",21
"1158",-9
"1159",-12
"1160",1
"1161",-6
"1162",-5
"1163",21
"1164",13
"1165",-8
"1166",-8
"1167",5
"1168",-7
"1169",-11
"1170",35
"1171",-3
"1172",-11
"1173",-20
"1174",34
"1175",9
"1176",7
"1177",-24
"1178",11
"1179",-27
"1180",-3
"1181",52
"1182",2
"1183",-23
"1184",44
"1185",25
"1186",-1
"1187",31
"1188",2
"1189",-17
"1190",-14
"1191",32
"1192",-66
"1193",17
"1194",-13
"1195",-12
"1196",-27
"1197",-33
"1198",11
"1199",-20
"1200",-17
"1201",27
"1202",-5
"1203",-3
"1204",1
"1205",24
"1206",-37
"1207",33
"1208",51
"1209",62
"1210",4
"1211",19
"1212",10
"1213",39
"1214",8
"1215",26
"1216",26
"1217",33
"1218",23
"1219",54
"1220",5
"1221",28
"1222",-24
"1223",25
"1224",-82
"1225",5
"1226",33
"1227",12
"1228",4
"1229",15
"1230",-36
"1231",15
"1232",8
"1233",5
"1234",15
"1235",5
"1236",-19
"1237",5
"1238",-29
"1239",32
"1240",-46
"1241",-11
"1242",0
"1243",11
"1244",-23
"1245",-14
"1246",-40
"1247",-32
"1248",-32
"1249",-52
"1250",-15
"1251",3
"1252",10
"1253",30
"1254",24
"1255",10
"1256",12
"1257",8
"1258",10
"1259",52
"1260",-33
"1261",-4
"1262",4
"1263",-13
"1264",18
"1265",10
"1266",-19
"1267",32
"1268",-20
"1269",-37
"1270",26
"1271",-22
"1272",14
"1273",-30
"1274",-4
"1275",14
"1276",28
"1277",-6
"1278",-13
"1279",-37
"1280",5
"1281",-67
"1282",-18
"1283",-48
"1284",-10
"1285",-20
"1286",1
"1287",-3
"1288",-3
"1289",-70
"1290",-5
"1291",5
"1292",-33
"1293",7
"1294",-35
"1295",-5
"1296",-33
"1297",-41
"1298",-6
"1299",-3
"1300",-20
"1301",-12
"1302",-27
"1303",18
"1304",-9
"1305",12
"1306",-19
"1307",-14
"1308",16
"1309",9
"1310",15
"1311",7
"1312",51
"1313",26
"1314",-3
"1315",42
"1316",1
"1317",59
"1318",-5
"1319",14
"1320",52
"1321",20
"1322",40
"1323",26
"1324",5
"1325",12
"1326",20
"1327",49
"1328",40
"1329",93
"1330",6
"1331",22
"1332",16
"1333",17
"1334",-11
"1335",13
"1336",-1
"1337",-45
"1338",-12
"1339",31
"1340",-48
"1341",13
"1342",-30
"1343",-17
"1344",-33
"1345",-59
"1346",-5
"1347",-30
"1348",-42
"1349",-12
"1350",-34
"1351",-46
"1352",-61
"1353",2
"1354",-34
"1355",-26
"1356",-62
"1357",-24
"1358",-25
"1359",-44
"1360",-38
"1361",16
"1362",-18
"1363",-17
"1364",-14
"1365",-1
"1366",-26
"1367",-1
"1368",-15
"1369",-41
"1370",8
"1371",47
"1372",-30
"1373",-8
"1374",21
"1375",3
"1376",16
"1377",25
"1378",-6
"1379",6
"1380",-15
"1381",-8
"1382",33
"1383",1
"1384",32
"1385",31
"1386",-7
"1387",-6
"1388",27
"1389",12
"1390",31
"1391",-7
"1392",-41
"1393",-10
"1394",-12
"1395",20
"1396",-25
"1397",5
"1398",7
"1399",-22
"1400",-8
"1401",28
"1402",1
"1403",52
"1404",12
"1405",29
"1406",0
"1407",51
"1408",-31
"1409",28
"1410",13
"1411",18
"1412",11
"1413",11
"1414",-1
"1415",-10
"1416",12
"1417",31
"1418",39
"1419",-14
"1420",20
"1421",27
"1422",-17
"1423",-12
"1424",3
"1425",-27
"1426",-21
"1427",24
"1428",36
"1429",14
"1430",-15
"1431",51
"1432",18
"1433",28
"1434",3
"1435",13
"1436",25
"1437",-50
"1438",15
"1439",-13
"1440",39
"1441",-23
"1442",-49
"1443",-4
"1444",-21
"1445",-8
"1446",20
"1447",-13
"1448",-30
"1449",-35
"1450",18
"1451",0
"1452",-20
"1453",-24
"1454",-11
"1455",22
"1456",17
"1457",13
"1458",12
"1459",-8
"1460",-19
"1461",1
"1462",-29
"1463",-13
"1464",-5
"1465",-10
"1466",-70
"1467",11
"1468",11
"1469",-36
"1470",-1
"1471",-25
"1472",6
"1473",29
"1474",-7
"1475",9
"1476",-4
"1477",-4
"1478",7
"1479",31
"1480",-37
"1481",-15
"1482",-33
"1483",3
"1484",-23
"1485",-39
"1486",12
"1487",-31
"1488",-3
"1489",22
"1490",-9
"1491",-4
"1492",7
"1493",10
"1494",43
"1495",-7
"1496",-1
"1497",-2
"1498",28
"1499",-15
"1500",-20
"1501",-1
"1502",-6
"1503",-8
"1504",-48
"1505",-16
"1506",-51
"1507",-25
"1508",17
"1509",-10
"1510",-37
"1511",-16
"1512",12
"1513",-30
"1514",-21
"1515",8
"1516",5
"1517",3
"1518",-17
"1519",-6
"1520",-4
"1521",24
"1522",5
"1523",4
"1524",4
"1525",51
"1526",9
"1527",7
"1528",-1
"1529",6
"1530",8
"1531",-6
"1532",8
"1533",-28
"1534",-25
"1535",-16
"1536",-58
"1537",-13
"1538",-14
"1539",-22
"1540",-26
"1541",0
"1542",-39
"1543",-17
"1544",-8
"1545",-13
"1546",6
"1547",5
"1548",-7
"1549",1
"1550",25
"1551",-9
"1552",-26
"1553",5
"1554",3
"1555",-13
"1556",2
"1557",-22
"1558",-12
"1559",-24
"1560",-27
"1561",42
"1562",3
"1563",18
"1564",8
"1565",-10
"1566",-23
"1567",-2
"1568",24
"1569",12
"1570",-9
"1571",21
"1572",-37
"1573",-11
"1574",-28
"1575",-25
"1576",-34
"1577",-16
"1578",18
"1579",-30
"1580",41
"1581",-14
"1582",24
"1583",2
"1584",-31
"1585",-6
"1586",1
"1587",-15
"1588",-13
"1589",-3
"1590",5
"1591",-10
"1592",-22
"1593",52
"1594",20
"1595",2
"1596",20
"1597",3
"1598",0
"1599",3
"1600",-7
"1601",-15
"1602",35
"1603",-3
"1604",17
"1605",8
"1606",7
"1607",20
"1608",-42
"1609",-36
"1610",18
"1611",12
"1612",-21
"1613",-8
"1614",12
"1615",-36
"1616",-2
"1617",2
"1618",23
"1619",-23
"1620",-4
"1621",-44
"1622",-20
"1623",-18
"1624",31
"1625",-37
"1626",-23
"1627",-15
"1628",16
"1629",-14
"1630",-49
"1631",-51
"1632",-1
"1633",-30
"1634",4
"1635",21
"1636",-33
"1637",16
"1638",-5
"1639",2
"1640",4
"1641",25
"1642",16
"1643",42
"1644",12
"1645",28
"1646",16
"1647",-33
"1648",23
"1649",24
"1650",4
"1651",12
"1652",12
"1653",-8
"1654",30
"1655",4
"1656",-33
"1657",52
"1658",-4
"1659",19
"1660",-6
"1661",-24
"1662",15
"1663",21
"1664",23
"1665",7
"1666",16
"1667",3
"1668",33
"1669",16
"1670",12
"1671",26
"1672",-17
"1673",-2
"1674",20
"1675",11
"1676",-22
"1677",56
"1678",-7
"1679",-6
"1680",13
"1681",-5
"1682",15
"1683",5
"1684",34
"1685",-47
"1686",5
"1687",-4
"1688",-14
"1689",-49
"1690",10
"1691",-1
"1692",-34
"1693",27
"1694",-20
"1695",-14
"1696",-15
"1697",5
"1698",19
"1699",-31
"1700",-3
"1701",8
"1702",-13
"1703",22
"1704",-18
"1705",-28
"1706",-70
"1707",-28
"1708",-6
"1709",-50
"1710",-8
"1711",-20
"1712",24
"1713",-31
"1714",-3
"1715",-45
"1716",-22
"1717",-31
"1718",2
"1719",23
"1720",-28
"1721",-21
"1722",-17
"1723",-4
"1724",2
"1725",-2
"1726",6
"1727",-39
"1728",-1
"1729",3
"1730",41
"1731",-5
"1732",5
"1733",-21
"1734",-78
"1735",-6
"1736",19
"1737",8
"1738",1
"1739",32
"1740",24
"1741",1
"1742",-29
"1743",36
"1744",22
"1745",-2
"1746",22
"1747",31
"1748",10
"1749",20
"1750",5
"1751",34
"1752",2
"1753",-11
"1754",47
"1755",-25
"1756",-30
"1757",3
"1758",-8
"1759",-9
"1760",-21
"1761",-30
"1762",-10
"1763",20
"1764",5
"1765",20
"1766",-26
"1767",-5
"1768",10
"1769",25
"1770",15
"1771",67
"1772",7
"1773",-15
"1774",46
"1775",-60
"1776",11
"1777",-21
"1778",14
"1779",-8
"1780",18
"1781",4
"1782",29
"1783",40
"1784",3
"1785",-21
"1786",23
"1787",25
"1788",-22
"1789",3
"1790",-5
"1791",10
"1792",-47
"1793",5
"1794",-10
"1795",12
"1796",-22
"1797",23
"1798",40
"1799",3
"1800",-34
"1801",-1
"1802",-8
"1803",-15
"1804",-5
"1805",28
"1806",-10
"1807",-28
"1808",21
"1809",21
"1810",37
"1811",-26
"1812",-26
"1813",-19
"1814",-30
"1815",-1
"1816",-12
"1817",-34
"1818",-9
"1819",-13
"1820",23
"1821",-8
"1822",19
"1823",-12
"1824",23
"1825",-35
"1826",19
"1827",18
"1828",5
"1829",9
"1830",-2
"1831",24
"1832",16
"1833",18
"1834",1
"1835",-8
"1836",61
"1837",-7
"1838",25
"1839",10
"1840",29
"1841",-29
"1842",27
"1843",15
"1844",-15
"1845",-16
"1846",2
"1847",25
"1848",4
"1849",15
"1850",-29
"1851",18
"1852",12
"1853",-8
"1854",19
"1855",-12
"1856",-6
"1857",0
"1858",-1
"1859",-6
"1860",0
"1861",13
"1862",18
"1863",-22
"1864",0
"1865",-22
"1866",27
"1867",-48
"1868",-22
"1869",9
"1870",-36
"1871",5
"1872",-14
"1873",15
"1874",-2
"1875",-20
"1876",-16
"1877",-9
"1878",7
"1879",-4
"1880",13
"1881",-20
"1882",-6
"1883",-17
"1884",-36
"1885",-1
"1886",1
"1887",-67
"1888",-5
"1889",9
"1890",17
"1891",27
"1892",-9
"1893",10
"1894",37
"1895",-14
"1896",6
"1897",-6
"1898",60
"1899",-28
"1900",16
"1901",27
"1902",-26
"1903",0
"1904",45
"1905",38
"1906",-18
"1907",35
"1908",13
"1909",-11
"1910",20
"1911",18
"1912",0
"1913",-22
"1914",28
"1915",-34
"1916",17
"1917",-42
"1918",21
"1919",-33
"1920",-1
"1921",-18
"1922",-76
"1923",-36
"1924",-37
"1925",-58
"1926",14
"1927",-18
"1928",12
"1929",-10
"1930",-38
"1931",-18
"1932",-11
"1933",-31
"1934",-6
"1935",-22
"1936",14
"1937",-12
"1938",-23
"1939",-10
"1940",-30
"1941",-43
"1942",-8
"1943",-47
"1944",-24
"1945",-11
"1946",-14
"1947",29
"1948",38
"1949",-2
"1950",-8
"1951",16
"1952",5
"1953",18
"1954",21
"1955",11
"1956",-9
"1957",36
"1958",1
"1959",16
"1960",55
"1961",1
"1962",36
"1963",4
"1964",45
"1965",6
"1966",7
"1967",-22
"1968",40
"1969",25
"1970",24
"1971",4
"1972",29
"1973",-23
"1974",-5
"1975",-10
"1976",-27
"1977",11
"1978",-1
"1979",6
"1980",-10
"1981",-31
"1982",9
"1983",-42
"1984",-23
"1985",-6
"1986",2
"1987",15
"1988",20
"1989",-22
"1990",5
"1991",-31
"1992",-6
"1993",-48
"1994",0
"1995",-6
"1996",9
"1997",-25
"1998",5
"1999",2
"2000",-30
"2001",29
"2002",-43
"2003",3
"2004",1
"2005",36
"2006",-1
"2007",-6
"2008",-14
"2009",13
"2010",20
"2011",-17
"2012",-42
"2013",63
"2014",82
"2015",30
"2016",2
"2017",42
"2018",22
"2019",11
"2020",42
"2021",42
"2022",66
"2023",23
"2024",30
"2025",-9
"2026",30
"2027",10
"2028",49
"2029",59
"2030",-22
"2031",13
"2032",5
"2033",12
"2034",-2
"2035",36
"2036",46
"2037",7
"2038",-55
"2039",11
"2040",11
"2041",17
"2042",-8
"2043",31
"2044",6
"2045",-2
"2046",38
"2047",38
"2048",-1
"2049",17
"2050",-40
"2051",4
"2052",-2
"2053",40
"2054",16
"2055",-4
"2056",4
"2057",17
"2058",-14
"2059",1
"2060",-21
"2061",-24
"2062",-9
"2063",7
"2064",-35
"2065",3
"2066",26
"2067",-7
"2068",-59
"2069",-5
"2070",-19
"2071",-17
"2072",-6
"2073",-48
"2074",-80
"2075",7
"2076",-14
"2077",-3
"2078",-1
"2079",-45
"2080",-15
"2081",-21
"2082",10
"2083",-10
"2084",12
"2085",-34
"2086",-23
"2087",-35
"2088",20
"2089",-27
"2090",31
"2091",25
"2092",-42
"2093",-12
"2094",-23
"2095",1
"2096",7
"2097",14
"2098",5
"2099",11
"2100",20
"2101",0
"2102",48
"2103",54
"2104",21
"2105",15
"2106",8
"2107",-18
"2108",7
"2109",19
"2110",-5
"2111",-10
"2112",-28
"2113",1
"2114",-10
"2115",15
"2116",-8
"2117",6
"2118",1
"2119",-14
"2120",-14
"2121",20
"2122",9
"2123",-14
"2124",-22
"2125",4
"2126",1
"2127",12
"2128",25
"2129",6
"2130",50
"2131",-6
"2132",22
"2133",-54
"2134",9
"2135",-22
"2136",31
"2137",-12
"2138",-1
"2139",15
"2140",43
"2141",-6
"2142",17
"2143",42
"2144",-16
"2145",-2
"2146",-8
"2147",1
"2148",36
"2149",29
"2150",16
"2151",10
"2152",-14
"2153",57
"2154",12
"2155",35
"2156",8
"2157",30
"2158",1
"2159",-9
"2160",25
"2161",52
"2162",-31
"2163",-16
"2164",-8
"2165",-1
"2166",1
"2167",-10
"2168",-3
"2169",-80
"2170",-8
"2171",-18
"2172",2
"2173",-28
"2174",-29
"2175",-8
"2176",-11
"2177",26
"2178",-42
"2179",-42
"2180",14
"2181",1
"2182",-29
"2183",10
"2184",-50
"2185",4
"2186",-25
"2187",-32
"2188",-30
"2189",-11
"2190",2
"2191",-62
"2192",-12
"2193",-4
"2194",15
"2195",-34
"2196",-1
"2197",-25
"2198",-9
"2199",-34
"2200",3
"2201",32
"2202",-19
"2203",-21
"2204",-11
"2205",-42
"2206",-22
"2207",-78
"2208",-3
"2209",5
"2210",-28
"2211",-47
"2212",-5
"2213",-33
"2214",-9
"2215",-36
"2216",1
"2217",32
"2218",35
"2219",-32
"2220",60
"2221",-12
"2222",8
"2223",-3
"2224",26
"2225",28
"2226",-2
"2227",-18
"2228",3
"2229",12
"2230",26
"2231",-1
"2232",40
"2233",-19
"2234",14
"2235",1
"2236",-30
"2237",24
"2238",-30
"2239",41
"2240",-3
"2241",47
"2242",-26
"2243",7
"2244",-11
"2245",21
"2246",13
"2247",-4
"2248",-38
"2249",-3
"2250",25
"2251",5
"2252",-9
"2253",-4
"2254",29
"2255",36
"2256",-35
"2257",-6
"2258",-11
"2259",-4
"2260",-23
"2261",4
"2262",-47
"2263",28
"2264",32
"2265",29
"2266",-24
"2267",-16
"2268",18
"2269",-13
"2270",18
"2271",23
"2272",-55
"2273",-33
"2274",20
"2275",-6
"2276",41
"2277",-20
"2278",-10
"2279",-17
"2280",-18
"2281",-1
"2282",-4
"2283",-1
"2284",-2
"2285",-37
"2286",33
"2287",-6
"2288",-29
"2289",-4
"2290",19
"2291",-43
"2292",39
"2293",-13
"2294",20
"2295",-10
"2296",6
"2297",-14
"2298",29
"2299",-33
"2300",44
"2301",42
"2302",-50
"2303",14
"2304",-33
"2305",-6
"2306",-7
"2307",-46
"2308",21
"2309",-2
"2310",-3
"2311",15
"2312",-1
"2313",-9
"2314",0
"2315",-14
"2316",51
"2317",43
"2318",27
"2319",-19
"2320",-18
"2321",1
"2322",-48
"2323",-6
"2324",34
"2325",18
"2326",25
"2327",-33
"2328",-20
"2329",-27
"2330",-55
"2331",-9
"2332",-81
"2333",-45
"2334",38
"2335",9
"2336",-1
"2337",-25
"2338",-42
"2339",-22
"2340",-30
"2341",-48
"2342",53
"2343",-45
"2344",-33
"2345",-1
"2346",-92
"2347",-27
"2348",-67
"2349",-2
"2350",9
"2351",44
"2352",29
"2353",8
"2354",-5
"2355",-15
"2356",-33
"2357",46
"2358",15
"2359",-14
"2360",16
"2361",4
"2362",11
"2363",39
"2364",-46
"2365",-61
"2366",-53
"2367",-33
"2368",35
"2369",28
"2370",-65
"2371",-38
"2372",-59
"2373",-3
"2374",-11
"2375",-68
"2376",5
"2377",4
"2378",-37
"2379",-23
"2380",30
"2381",-13
"2382",-16
"2383",-9
"2384",30
"2385",-33
"2386",10
"2387",24
"2388",13
"2389",30
"2390",18
"2391",-21
"2392",-9
"2393",29
"2394",-37
"2395",18
"2396",66
"2397",-34
"2398",29
